testuser01,Password@01,"Adamjee School",ACH-JHS-005,JHS 1,69f5ce247161d2931d36d0a8,69f5ce257161d2931d36d0b3
testuser02,Password@02,"Adamjee School",ACH-JHS-005,JHS 1,69f5ce257161d2931d36d0bb,69f5ce267161d2931d36d0bf
testuser03,Password@03,"Adamjee School",ACH-JHS-005,JHS 1,69f5ce267161d2931d36d0c7,69f5ce267161d2931d36d0cb
testuser04,Password@04,"Adamjee School",ACH-JHS-005,JHS 1,69f5ce277161d2931d36d0d3,69f5ce277161d2931d36d0d7
testuser05,Password@05,"Adamjee School",ACH-JHS-005,JHS 1,69f5ce277161d2931d36d0df,69f5ce277161d2931d36d0e3
testuser06,Password@06,"Adamjee School",ACH-JHS-005,JHS 1,69f5ce287161d2931d36d0eb,69f5ce287161d2931d36d0ef
testuser07,Password@07,"Adamjee School",ACH-JHS-005,JHS 1,69f5ce287161d2931d36d0f7,69f5ce287161d2931d36d0fb
testuser08,Password@08,"Adamjee School",ACH-JHS-005,JHS 1,69f5ce297161d2931d36d103,69f5ce297161d2931d36d107
testuser09,Password@09,"Adamjee School",ACH-JHS-005,JHS 1,69f5ce297161d2931d36d10f,69f5ce2a7161d2931d36d113
testuser10,Password@10,"Adamjee School",ACH-JHS-005,JHS 1,69f5ce2a7161d2931d36d11b,69f5ce2a7161d2931d36d11f
testuser11,Password@11,"Adamjee School",ACH-JHS-005,JHS 1,69f5ce2b7161d2931d36d127,69f5ce2b7161d2931d36d12b
testuser12,Password@12,"Adamjee School",ACH-JHS-005,JHS 1,69f5ce2b7161d2931d36d133,69f5ce2b7161d2931d36d137
testuser13,Password@13,"Adamjee School",ACH-JHS-005,JHS 1,69f5ce2c7161d2931d36d13f,69f5ce2c7161d2931d36d143
testuser14,Password@14,"Adamjee School",ACH-JHS-005,JHS 1,69f5ce2c7161d2931d36d14b,69f5ce2c7161d2931d36d14f
testuser15,Password@15,"Adamjee School",ACH-JHS-005,JHS 1,69f5ce2d7161d2931d36d157,69f5ce2d7161d2931d36d15b
testuser16,Password@16,"Adamjee School",ACH-JHS-005,JHS 1,69f5ce2d7161d2931d36d163,69f5ce2e7161d2931d36d167
testuser17,Password@17,"Adamjee School",ACH-JHS-005,JHS 1,69f5ce2e7161d2931d36d16f,69f5ce2e7161d2931d36d173
testuser18,Password@18,"Adamjee School",ACH-JHS-005,JHS 1,69f5ce2f7161d2931d36d17b,69f5ce2f7161d2931d36d17f
testuser19,Password@19,"Adamjee School",ACH-JHS-005,JHS 1,69f5ce2f7161d2931d36d187,69f5ce2f7161d2931d36d18b
testuser20,Password@20,"Adamjee School",ACH-JHS-005,JHS 1,69f5ce307161d2931d36d193,69f5ce307161d2931d36d197
testuser21,Password@21,"Adamjee School",ACH-JHS-005,JHS 1,69f5ce307161d2931d36d19f,69f5ce317161d2931d36d1a3
testuser22,Password@22,"Adamjee School",ACH-JHS-005,JHS 1,69f5ce317161d2931d36d1ab,69f5ce317161d2931d36d1af
testuser23,Password@23,"Adamjee School",ACH-JHS-005,JHS 1,69f5ce317161d2931d36d1b7,69f5ce327161d2931d36d1bb
testuser24,Password@24,"Adamjee School",ACH-JHS-005,JHS 1,69f5ce327161d2931d36d1c3,69f5ce327161d2931d36d1c7
testuser25,Password@25,"Adamjee School",ACH-JHS-005,JHS 1,69f5ce337161d2931d36d1cf,69f5ce337161d2931d36d1d3
testuser26,Password@26,"Adamjee School",ACH-JHS-005,JHS 1,69f5ce337161d2931d36d1db,69f5ce337161d2931d36d1df
testuser27,Password@27,"Adamjee School",ACH-JHS-005,JHS 1,69f5ce347161d2931d36d1e7,69f5ce347161d2931d36d1eb
testuser28,Password@28,"Adamjee School",ACH-JHS-005,JHS 1,69f5ce347161d2931d36d1f3,69f5ce357161d2931d36d1f7
testuser29,Password@29,"Adamjee School",ACH-JHS-005,JHS 1,69f5ce357161d2931d36d1ff,69f5ce357161d2931d36d203
testuser30,Password@30,"Adamjee School",ACH-JHS-005,JHS 1,69f5ce357161d2931d36d20b,69f5ce367161d2931d36d20f
testuser31,Password@31,"Adamjee School",ACH-JHS-005,JHS 1,69f5ce367161d2931d36d217,69f5ce367161d2931d36d21b
testuser32,Password@32,"Adamjee School",ACH-JHS-005,JHS 1,69f5ce377161d2931d36d223,69f5ce377161d2931d36d227
testuser33,Password@33,"Adamjee School",ACH-JHS-005,JHS 1,69f5ce377161d2931d36d22f,69f5ce377161d2931d36d233
testuser34,Password@34,"Adamjee School",ACH-JHS-005,JHS 1,69f5ce387161d2931d36d23b,69f5ce387161d2931d36d23f
testuser35,Password@35,"Adamjee School",ACH-JHS-005,JHS 1,69f5ce387161d2931d36d247,69f5ce397161d2931d36d24b
testuser36,Password@36,"Adamjee School",ACH-JHS-005,JHS 1,69f5ce397161d2931d36d253,69f5ce397161d2931d36d257
testuser37,Password@37,"Adamjee School",ACH-JHS-005,JHS 1,69f5ce397161d2931d36d25f,69f5ce3a7161d2931d36d263
testuser38,Password@38,"Adamjee School",ACH-JHS-005,JHS 1,69f5ce3a7161d2931d36d26b,69f5ce3a7161d2931d36d26f
testuser39,Password@39,"Adamjee School",ACH-JHS-005,JHS 1,69f5ce3b7161d2931d36d277,69f5ce3b7161d2931d36d27b
testuser40,Password@40,"Adamjee School",ACH-JHS-005,JHS 1,69f5ce3b7161d2931d36d283,69f5ce3b7161d2931d36d287
testuser41,Password@41,"Adamjee School",ACH-JHS-005,JHS 1,69f5ce3c7161d2931d36d28f,69f5ce3c7161d2931d36d293
testuser42,Password@42,"Adamjee School",ACH-JHS-005,JHS 1,69f5ce3c7161d2931d36d29b,69f5ce3d7161d2931d36d29f
testuser43,Password@43,"Adamjee School",ACH-JHS-005,JHS 1,69f5ce3d7161d2931d36d2a7,69f5ce3d7161d2931d36d2ab
testuser44,Password@44,"Adamjee School",ACH-JHS-005,JHS 1,69f5ce3d7161d2931d36d2b3,69f5ce3e7161d2931d36d2b7
testuser45,Password@45,"Adamjee School",ACH-JHS-005,JHS 1,69f5ce3e7161d2931d36d2bf,69f5ce3e7161d2931d36d2c3
testuser46,Password@46,"Adamjee School",ACH-JHS-005,JHS 1,69f5ce3f7161d2931d36d2cb,69f5ce3f7161d2931d36d2cf
testuser47,Password@47,"Adamjee School",ACH-JHS-005,JHS 1,69f5ce3f7161d2931d36d2d7,69f5ce3f7161d2931d36d2db
testuser48,Password@48,"Adamjee School",ACH-JHS-005,JHS 1,69f5ce407161d2931d36d2e3,69f5ce407161d2931d36d2e7
testuser49,Password@49,"Adamjee School",ACH-JHS-005,JHS 1,69f5ce407161d2931d36d2ef,69f5ce407161d2931d36d2f3
testuser50,Password@50,"Adamjee School",ACH-JHS-005,JHS 1,69f5ce417161d2931d36d2fb,69f5ce417161d2931d36d2ff
testuser51,Password@51,"Adamjee School",ACH-JHS-005,JHS 1,69f5ce417161d2931d36d307,69f5ce427161d2931d36d30b
testuser52,Password@52,"Adamjee School",ACH-JHS-005,JHS 1,69f5ce427161d2931d36d313,69f5ce427161d2931d36d317
testuser53,Password@53,"Adamjee School",ACH-JHS-005,JHS 1,69f5ce437161d2931d36d31f,69f5ce437161d2931d36d323
testuser54,Password@54,"Adamjee School",ACH-JHS-005,JHS 1,69f5ce437161d2931d36d32b,69f5ce437161d2931d36d32f
testuser55,Password@55,"Adamjee School",ACH-JHS-005,JHS 1,69f5ce447161d2931d36d337,69f5ce447161d2931d36d33b
testuser56,Password@56,"Adamjee School",ACH-JHS-005,JHS 1,69f5ce447161d2931d36d343,69f5ce447161d2931d36d347
testuser57,Password@57,"Adamjee School",ACH-JHS-005,JHS 1,69f5ce457161d2931d36d34f,69f5ce457161d2931d36d353
testuser58,Password@58,"Adamjee School",ACH-JHS-005,JHS 1,69f5ce457161d2931d36d35b,69f5ce467161d2931d36d35f
testuser59,Password@59,"Adamjee School",ACH-JHS-005,JHS 1,69f5ce467161d2931d36d367,69f5ce467161d2931d36d36b
testuser60,Password@60,"Adamjee School",ACH-JHS-005,JHS 1,69f5ce477161d2931d36d373,69f5ce477161d2931d36d377
testuser61,Password@61,"Adamjee School",ACH-JHS-005,JHS 1,6a1fc8fc4a121d8c2ed7dba8,6a1fc8fd4a121d8c2ed7dbb4
testuser62,Password@62,"Adamjee School",ACH-JHS-005,JHS 1,6a1fc8fd4a121d8c2ed7dbbc,6a1fc8fd4a121d8c2ed7dbc0
testuser63,Password@63,"Adamjee School",ACH-JHS-005,JHS 1,6a1fc8fe4a121d8c2ed7dbc8,6a1fc8fe4a121d8c2ed7dbcc
testuser64,Password@64,"Adamjee School",ACH-JHS-005,JHS 1,6a1fc8fe4a121d8c2ed7dbd4,6a1fc8ff4a121d8c2ed7dbd8
testuser65,Password@65,"Adamjee School",ACH-JHS-005,JHS 1,6a1fc8ff4a121d8c2ed7dbe0,6a1fc8ff4a121d8c2ed7dbe4
testuser66,Password@66,"Adamjee School",ACH-JHS-005,JHS 1,6a1fc9004a121d8c2ed7dbec,6a1fc9004a121d8c2ed7dbf0
testuser67,Password@67,"Adamjee School",ACH-JHS-005,JHS 1,6a1fc9004a121d8c2ed7dbf8,6a1fc9014a121d8c2ed7dbfc
testuser68,Password@68,"Adamjee School",ACH-JHS-005,JHS 1,6a1fc9014a121d8c2ed7dc04,6a1fc9014a121d8c2ed7dc08
testuser69,Password@69,"Adamjee School",ACH-JHS-005,JHS 1,6a1fc9014a121d8c2ed7dc10,6a1fc9024a121d8c2ed7dc14
testuser70,Password@70,"Adamjee School",ACH-JHS-005,JHS 1,6a1fc9024a121d8c2ed7dc1c,6a1fc9024a121d8c2ed7dc20
testuser71,Password@71,"Adamjee School",ACH-JHS-005,JHS 1,6a1fc9034a121d8c2ed7dc28,6a1fc9034a121d8c2ed7dc2c
testuser72,Password@72,"Adamjee School",ACH-JHS-005,JHS 1,6a1fc9034a121d8c2ed7dc34,6a1fc9034a121d8c2ed7dc38
testuser73,Password@73,"Adamjee School",ACH-JHS-005,JHS 1,6a1fc9044a121d8c2ed7dc40,6a1fc9044a121d8c2ed7dc44
testuser74,Password@74,"Adamjee School",ACH-JHS-005,JHS 1,6a1fc9044a121d8c2ed7dc4c,6a1fc9054a121d8c2ed7dc50
testuser75,Password@75,"Adamjee School",ACH-JHS-005,JHS 1,6a1fc9054a121d8c2ed7dc58,6a1fc9054a121d8c2ed7dc5c
testuser76,Password@76,"Adamjee School",ACH-JHS-005,JHS 1,6a1fc9064a121d8c2ed7dc64,6a1fc9064a121d8c2ed7dc68
testuser77,Password@77,"Adamjee School",ACH-JHS-005,JHS 1,6a1fc9064a121d8c2ed7dc70,6a1fc9064a121d8c2ed7dc74
testuser78,Password@78,"Adamjee School",ACH-JHS-005,JHS 1,6a1fc9074a121d8c2ed7dc7c,6a1fc9074a121d8c2ed7dc80
testuser79,Password@79,"Adamjee School",ACH-JHS-005,JHS 1,6a1fc9074a121d8c2ed7dc88,6a1fc9084a121d8c2ed7dc8c
testuser80,Password@80,"Adamjee School",ACH-JHS-005,JHS 1,6a1fc9084a121d8c2ed7dc94,6a1fc9084a121d8c2ed7dc98
testuser81,Password@81,"Adamjee School",ACH-JHS-005,JHS 1,6a1fc9094a121d8c2ed7dca0,6a1fc9094a121d8c2ed7dca4
testuser82,Password@82,"Adamjee School",ACH-JHS-005,JHS 1,6a1fc9094a121d8c2ed7dcac,6a1fc9094a121d8c2ed7dcb0
testuser83,Password@83,"Adamjee School",ACH-JHS-005,JHS 1,6a1fc90a4a121d8c2ed7dcb8,6a1fc90a4a121d8c2ed7dcbc
testuser84,Password@84,"Adamjee School",ACH-JHS-005,JHS 1,6a1fc90a4a121d8c2ed7dcc4,6a1fc90a4a121d8c2ed7dcc8
testuser85,Password@85,"Adamjee School",ACH-JHS-005,JHS 1,6a1fc90b4a121d8c2ed7dcd0,6a1fc90b4a121d8c2ed7dcd4
testuser86,Password@86,"Adamjee School",ACH-JHS-005,JHS 1,6a1fc90b4a121d8c2ed7dcdc,6a1fc90c4a121d8c2ed7dce0
testuser87,Password@87,"Adamjee School",ACH-JHS-005,JHS 1,6a1fc90c4a121d8c2ed7dce8,6a1fc90c4a121d8c2ed7dcec
testuser88,Password@88,"Adamjee School",ACH-JHS-005,JHS 1,6a1fc90d4a121d8c2ed7dcf4,6a1fc90d4a121d8c2ed7dcf8
testuser89,Password@89,"Adamjee School",ACH-JHS-005,JHS 1,6a1fc90d4a121d8c2ed7dd00,6a1fc90d4a121d8c2ed7dd04
testuser90,Password@90,"Adamjee School",ACH-JHS-005,JHS 1,6a1fc90e4a121d8c2ed7dd0c,6a1fc90e4a121d8c2ed7dd10
testuser91,Password@91,"Adamjee School",ACH-JHS-005,JHS 1,6a1fc90e4a121d8c2ed7dd18,6a1fc90f4a121d8c2ed7dd1c
testuser92,Password@92,"Adamjee School",ACH-JHS-005,JHS 1,6a1fc90f4a121d8c2ed7dd24,6a1fc90f4a121d8c2ed7dd28
testuser93,Password@93,"Adamjee School",ACH-JHS-005,JHS 1,6a1fc90f4a121d8c2ed7dd30,6a1fc9104a121d8c2ed7dd34
testuser94,Password@94,"Adamjee School",ACH-JHS-005,JHS 1,6a1fc9104a121d8c2ed7dd3c,6a1fc9104a121d8c2ed7dd40
testuser95,Password@95,"Adamjee School",ACH-JHS-005,JHS 1,6a1fc9114a121d8c2ed7dd48,6a1fc9114a121d8c2ed7dd4c
testuser96,Password@96,"Adamjee School",ACH-JHS-005,JHS 1,6a1fc9114a121d8c2ed7dd54,6a1fc9114a121d8c2ed7dd58
testuser97,Password@97,"Adamjee School",ACH-JHS-005,JHS 1,6a1fc9124a121d8c2ed7dd60,6a1fc9124a121d8c2ed7dd64
testuser98,Password@98,"Adamjee School",ACH-JHS-005,JHS 1,6a1fc9124a121d8c2ed7dd6c,6a1fc9134a121d8c2ed7dd70
testuser99,Password@99,"Adamjee School",ACH-JHS-005,JHS 1,6a1fc9134a121d8c2ed7dd78,6a1fc9134a121d8c2ed7dd7c
testuser100,Password@100,"Adamjee School",ACH-JHS-005,JHS 1,6a1fc9144a121d8c2ed7dd84,6a1fc9144a121d8c2ed7dd88
